username,role,name,department,password
aadhya.reddy,STUDENT,Aadhya Reddy,ECE,Campus@123
aditya.desai,STUDENT,Aditya Desai,IT,Campus@123
aditya.nair,STUDENT,Aditya Nair,EEE,Campus@123
aditya.patel,STUDENT,Aditya Patel,ECE,Campus@123
advait.bhatt,STUDENT,Advait Bhatt,EEE,Campus@123
advait.joshi,STUDENT,Advait Joshi,ME,Campus@123
advait.yadav,STUDENT,Advait Yadav,CSE,Campus@123
aman.shah,STUDENT,Aman Shah,ECE,Campus@123
arjun.joshi,STUDENT,Arjun Joshi,ME,Campus@123
arjun.malhotra,STUDENT,Arjun Malhotra,EEE,Campus@123
aryan.shah,STUDENT,Aryan Shah,IT,Campus@123
dhruv.rao,STUDENT,Dhruv Rao,ECE,Campus@123
dhruv.sharma,STUDENT,Dhruv Sharma,ME,Campus@123
diya.kulkarni,STUDENT,Diya Kulkarni,EEE,Campus@123
diya.menon,STUDENT,Diya Menon,CSE,Campus@123
diya.pandey,STUDENT,Diya Pandey,Civil,Campus@123
harsh.gupta,STUDENT,Harsh Gupta,IT,Campus@123
harsh.mehta,STUDENT,Harsh Mehta,ECE,Campus@123
ira.bansal,STUDENT,Ira Bansal,Civil,Campus@123
ishaan.iyer,STUDENT,Ishaan Iyer,Civil,Campus@123
ishaan.kulkarni,STUDENT,Ishaan Kulkarni,CSE,Campus@123
ishaan.menon,STUDENT,Ishaan Menon,EEE,Campus@123
ishaan.patel,STUDENT,Ishaan Patel,EEE,Campus@123
ishaan.shah,STUDENT,Ishaan Shah,EEE,Campus@123
ishita.mishra,STUDENT,Ishita Mishra,ECE,Campus@123
ishita.yadav,STUDENT,Ishita Yadav,CSE,Campus@123
kabir.menon,STUDENT,Kabir Menon,ECE,Campus@123
karthik.patel,STUDENT,Karthik Patel,IT,Campus@123
kavya.pandey,STUDENT,Kavya Pandey,CSE,Campus@123
kiara.gupta,STUDENT,Kiara Gupta,IT,Campus@123
kiara.kapoor,STUDENT,Kiara Kapoor,Civil,Campus@123
kiara.mishra,STUDENT,Kiara Mishra,Civil,Campus@123
krishna.joshi,STUDENT,Krishna Joshi,Civil,Campus@123
krishna.malhotra,STUDENT,Krishna Malhotra,IT,Campus@123
manav.bansal,STUDENT,Manav Bansal,IT,Campus@123
manav.chauhan,STUDENT,Manav Chauhan,CSE,Campus@123
manav.pandey,STUDENT,Manav Pandey,ME,Campus@123
manav.rao,STUDENT,Manav Rao,CSE,Campus@123
manav.singh,STUDENT,Manav Singh,CSE,Campus@123
meera.chauhan,STUDENT,Meera Chauhan,CSE,Campus@123
myra.gupta,STUDENT,Myra Gupta,CSE,Campus@123
myra.kapoor,STUDENT,Myra Kapoor,Civil,Campus@123
navya.agarwal,STUDENT,Navya Agarwal,Civil,Campus@123
neha.bhatt,STUDENT,Neha Bhatt,IT,Campus@123
neha.chopra,STUDENT,Neha Chopra,IT,Campus@123
nikhil.desai,STUDENT,Nikhil Desai,IT,Campus@123
nikhil.joshi,STUDENT,Nikhil Joshi,EEE,Campus@123
nisha.yadav,STUDENT,Nisha Yadav,ME,Campus@123
pari.kulkarni,STUDENT,Pari Kulkarni,IT,Campus@123
pari.nair,STUDENT,Pari Nair,CSE,Campus@123
pari.singh,STUDENT,Pari Singh,EEE,Campus@123
pooja.kulkarni,STUDENT,Pooja Kulkarni,CSE,Campus@123
pooja.mehta,STUDENT,Pooja Mehta,ECE,Campus@123
pooja.mishra,STUDENT,Pooja Mishra,CSE,Campus@123
priya.pandey,STUDENT,Priya Pandey,CSE,Campus@123
priya.reddy,STUDENT,Priya Reddy,EEE,Campus@123
rahul.rao,STUDENT,Rahul Rao,ME,Campus@123
raj.bansal,STUDENT,Raj Bansal,IT,Campus@123
raj.pandey,STUDENT,Raj Pandey,ECE,Campus@123
raj.sharma,STUDENT,Raj Sharma,EEE,Campus@123
reyansh.bansal,STUDENT,Reyansh Bansal,CSE,Campus@123
reyansh.joshi,STUDENT,Reyansh Joshi,EEE,Campus@123
riya.chauhan,STUDENT,Riya Chauhan,CSE,Campus@123
riya.joshi,STUDENT,Riya Joshi,EEE,Campus@123
riya.yadav,STUDENT,Riya Yadav,ECE,Campus@123
rohan.chopra,STUDENT,Rohan Chopra,IT,Campus@123
rohan.nair,STUDENT,Rohan Nair,ECE,Campus@123
saanvi.mishra,STUDENT,Saanvi Mishra,CSE,Campus@123
saanvi.pandey,STUDENT,Saanvi Pandey,Civil,Campus@123
sai.bansal,STUDENT,Sai Bansal,IT,Campus@123
sai.yadav,STUDENT,Sai Yadav,IT,Campus@123
sara.desai,STUDENT,Sara Desai,ME,Campus@123
sara.reddy,STUDENT,Sara Reddy,CSE,Campus@123
shreya.chauhan,STUDENT,Shreya Chauhan,CSE,Campus@123
shreya.desai,STUDENT,Shreya Desai,ME,Campus@123
sneha.agarwal,STUDENT,Sneha Agarwal,CSE,Campus@123
tanvi.kapoor,STUDENT,Tanvi Kapoor,Civil,Campus@123
tanvi.shah,STUDENT,Tanvi Shah,ECE,Campus@123
trisha.bansal,STUDENT,Trisha Bansal,Civil,Campus@123
trisha.gupta,STUDENT,Trisha Gupta,IT,Campus@123
trisha.nair,STUDENT,Trisha Nair,ECE,Campus@123
trisha.shah,STUDENT,Trisha Shah,ECE,Campus@123
varun.bhatt,STUDENT,Varun Bhatt,EEE,Campus@123
varun.singh,STUDENT,Varun Singh,ECE,Campus@123
vikram.bhatt,STUDENT,Vikram Bhatt,EEE,Campus@123
vikram.chauhan,STUDENT,Vikram Chauhan,Civil,Campus@123
vikram.sharma,STUDENT,Vikram Sharma,EEE,Campus@123
vivaan.agarwal,STUDENT,Vivaan Agarwal,EEE,Campus@123
vivaan.bansal,STUDENT,Vivaan Bansal,ECE,Campus@123
vivaan.iyer,STUDENT,Vivaan Iyer,ECE,Campus@123
vivaan.rao,STUDENT,Vivaan Rao,EEE,Campus@123
vivaan.reddy,STUDENT,Vivaan Reddy,IT,Campus@123
yash.bhatt,STUDENT,Yash Bhatt,CSE,Campus@123
yash.joshi,STUDENT,Yash Joshi,CSE,Campus@123
yash.singh,STUDENT,Yash Singh,IT,Campus@123
yash.verma,STUDENT,Yash Verma,IT,Campus@123
Deepti01,FACULTY,deepti singh,cse,Campus@123
aadhya.yadav,FACULTY,Aadhya Yadav,ME,Campus@123
anika.verma,FACULTY,Anika Verma,CSE,Campus@123
diya.kapoor,FACULTY,Diya Kapoor,IT,Campus@123
harsh.shah,FACULTY,Harsh Shah,EEE,Campus@123
ishita.sharma,FACULTY,Ishita Sharma,ME,Campus@123
ishita.singh,FACULTY,Ishita Singh,Civil,Campus@123
karthik.joshi,FACULTY,Karthik Joshi,CSE,Campus@123
manav.yadav,FACULTY,Manav Yadav,Civil,Campus@123
navya.shah,FACULTY,Navya Shah,ECE,Campus@123
nisha.malhotra,FACULTY,Nisha Malhotra,IT,Campus@123
nisha.patel,FACULTY,Nisha Patel,ECE,Campus@123
pari.bhatt,FACULTY,Pari Bhatt,EEE,Campus@123
raj.kulkarni,FACULTY,Raj Kulkarni,ECE,Campus@123
sara.rao,FACULTY,Sara Rao,CSE,Campus@123
sneha.menon,FACULTY,Sneha Menon,ECE,Campus@123
